"Start Time","Request Type","Latency","Response Code"
"1665951698092","POST","425","201"
"1665951698517","POST","10","201"
"1665951698527","POST","6","201"
"1665951698534","POST","5","201"
"1665951698539","POST","4","201"
"1665951698543","POST","3","201"
"1665951698546","POST","4","201"
"1665951698550","POST","3","201"
"1665951698553","POST","5","201"
"1665951698559","POST","3","201"
"1665951698562","POST","3","201"
"1665951698565","POST","5","201"
"1665951698570","POST","19","201"
"1665951698590","POST","13","201"
"1665951698603","POST","4","201"
"1665951698607","POST","4","201"
"1665951698611","POST","11","201"
"1665951698622","POST","8","201"
"1665951698630","POST","4","201"
"1665951698634","POST","10","201"
"1665951698644","POST","3","201"
"1665951698647","POST","8","201"
"1665951698655","POST","6","201"
"1665951698661","POST","6","201"
"1665951698667","POST","4","201"
"1665951698671","POST","3","201"
"1665951698674","POST","3","201"
"1665951698677","POST","6","201"
"1665951698683","POST","7","201"
"1665951698690","POST","3","201"
"1665951698693","POST","3","201"
"1665951698696","POST","6","201"
"1665951698702","POST","5","201"
"1665951698707","POST","5","201"
"1665951698712","POST","2","201"
"1665951698714","POST","3","201"
"1665951698717","POST","4","201"
"1665951698721","POST","4","201"
"1665951698725","POST","4","201"
"1665951698729","POST","6","201"
"1665951698736","POST","3","201"
"1665951698739","POST","3","201"
"1665951698742","POST","3","201"
"1665951698745","POST","4","201"
"1665951698749","POST","4","201"
"1665951698753","POST","2","201"
"1665951698755","POST","2","201"
"1665951698757","POST","2","201"
"1665951698759","POST","2","201"
"1665951698761","POST","2","201"
"1665951698763","POST","3","201"
"1665951698766","POST","4","201"
"1665951698770","POST","4","201"
"1665951698774","POST","2","201"
"1665951698776","POST","2","201"
"1665951698778","POST","2","201"
"1665951698780","POST","3","201"
"1665951698783","POST","3","201"
"1665951698786","POST","2","201"
"1665951698788","POST","3","201"
"1665951698791","POST","2","201"
"1665951698793","POST","4","201"
"1665951698797","POST","2","201"
"1665951698799","POST","3","201"
"1665951698802","POST","4","201"
"1665951698806","POST","2","201"
"1665951698808","POST","3","201"
"1665951698811","POST","2","201"
"1665951698813","POST","3","201"
"1665951698816","POST","3","201"
"1665951698819","POST","3","201"
"1665951698822","POST","3","201"
"1665951698825","POST","2","201"
"1665951698827","POST","2","201"
"1665951698829","POST","4","201"
"1665951698833","POST","3","201"
"1665951698836","POST","2","201"
"1665951698838","POST","3","201"
"1665951698841","POST","2","201"
"1665951698843","POST","3","201"
"1665951698846","POST","2","201"
"1665951698848","POST","2","201"
"1665951698850","POST","3","201"
"1665951698853","POST","4","201"
"1665951698858","POST","2","201"
"1665951698860","POST","8","201"
"1665951698868","POST","6","201"
"1665951698874","POST","2","201"
"1665951698876","POST","5","201"
"1665951698881","POST","2","201"
"1665951698883","POST","2","201"
"1665951698885","POST","2","201"
"1665951698887","POST","2","201"
"1665951698889","POST","6","201"
"1665951698895","POST","4","201"
"1665951698899","POST","3","201"
"1665951698902","POST","7","201"
"1665951698909","POST","2","201"
"1665951698911","POST","3","201"
"1665951698914","POST","4","201"
"1665951698919","POST","4","201"
"1665951698923","POST","3","201"
"1665951698926","POST","3","201"
"1665951698929","POST","3","201"
"1665951698933","POST","3","201"
"1665951698936","POST","2","201"
"1665951698938","POST","4","201"
"1665951698942","POST","2","201"
"1665951698944","POST","2","201"
"1665951698946","POST","2","201"
"1665951698948","POST","3","201"
"1665951698951","POST","3","201"
"1665951698954","POST","2","201"
"1665951698956","POST","3","201"
"1665951698959","POST","2","201"
"1665951698961","POST","2","201"
"1665951698963","POST","3","201"
"1665951698966","POST","6","201"
"1665951698972","POST","2","201"
"1665951698974","POST","2","201"
"1665951698976","POST","2","201"
"1665951698978","POST","2","201"
"1665951698980","POST","3","201"
"1665951698983","POST","3","201"
"1665951698986","POST","2","201"
"1665951698988","POST","3","201"
"1665951698992","POST","2","201"
"1665951698994","POST","5","201"
"1665951698999","POST","7","201"
"1665951699006","POST","2","201"
"1665951699009","POST","2","201"
"1665951699011","POST","2","201"
"1665951699014","POST","1","201"
"1665951699016","POST","30","201"
"1665951699046","POST","8","201"
"1665951699054","POST","2","201"
"1665951699056","POST","2","201"
"1665951699058","POST","2","201"
"1665951699060","POST","2","201"
"1665951699062","POST","2","201"
"1665951699064","POST","2","201"
"1665951699066","POST","2","201"
"1665951699068","POST","2","201"
"1665951699070","POST","2","201"
"1665951699072","POST","1","201"
"1665951699073","POST","2","201"
"1665951699075","POST","2","201"
"1665951699077","POST","2","201"
"1665951699079","POST","1","201"
"1665951699080","POST","3","201"
"1665951699083","POST","2","201"
"1665951699085","POST","2","201"
"1665951699087","POST","1","201"
"1665951699088","POST","2","201"
"1665951699090","POST","2","201"
"1665951699092","POST","3","201"
"1665951699095","POST","1","201"
"1665951699096","POST","2","201"
"1665951699098","POST","3","201"
"1665951699101","POST","2","201"
"1665951699103","POST","1","201"
"1665951699104","POST","3","201"
"1665951699107","POST","2","201"
"1665951699109","POST","1","201"
"1665951699110","POST","2","201"
"1665951699112","POST","2","201"
"1665951699114","POST","2","201"
"1665951699116","POST","2","201"
"1665951699118","POST","3","201"
"1665951699121","POST","2","201"
"1665951699123","POST","2","201"
"1665951699125","POST","3","201"
"1665951699129","POST","2","201"
"1665951699131","POST","2","201"
"1665951699133","POST","4","201"
"1665951699137","POST","4","201"
"1665951699141","POST","2","201"
"1665951699143","POST","2","201"
"1665951699145","POST","1","201"
"1665951699146","POST","2","201"
"1665951699148","POST","2","201"
"1665951699150","POST","2","201"
"1665951699152","POST","2","201"
"1665951699154","POST","2","201"
"1665951699156","POST","2","201"
"1665951699158","POST","1","201"
"1665951699159","POST","2","201"
"1665951699161","POST","4","201"
"1665951699165","POST","2","201"
"1665951699167","POST","4","201"
"1665951699172","POST","2","201"
"1665951699174","POST","3","201"
"1665951699177","POST","5","201"
"1665951699183","POST","2","201"
"1665951699185","POST","2","201"
"1665951699187","POST","2","201"
"1665951699189","POST","1","201"
"1665951699190","POST","2","201"
"1665951699192","POST","2","201"
"1665951699194","POST","3","201"
"1665951699197","POST","2","201"
"1665951699199","POST","3","201"
"1665951699202","POST","1","201"
"1665951699203","POST","2","201"
"1665951699205","POST","2","201"
"1665951699207","POST","3","201"
"1665951699210","POST","3","201"
"1665951699213","POST","3","201"
"1665951699216","POST","3","201"
"1665951699219","POST","2","201"
"1665951699221","POST","2","201"
"1665951699223","POST","1","201"
"1665951699224","POST","2","201"
"1665951699226","POST","2","201"
"1665951699228","POST","2","201"
"1665951699230","POST","2","201"
"1665951699232","POST","2","201"
"1665951699234","POST","1","201"
"1665951699235","POST","2","201"
"1665951699237","POST","2","201"
"1665951699239","POST","2","201"
"1665951699241","POST","2","201"
"1665951699243","POST","2","201"
"1665951699245","POST","2","201"
"1665951699247","POST","2","201"
"1665951699249","POST","2","201"
"1665951699251","POST","2","201"
"1665951699253","POST","1","201"
"1665951699254","POST","2","201"
"1665951699256","POST","2","201"
"1665951699258","POST","2","201"
"1665951699260","POST","1","201"
"1665951699261","POST","2","201"
"1665951699263","POST","2","201"
"1665951699265","POST","1","201"
"1665951699266","POST","2","201"
"1665951699268","POST","1","201"
"1665951699269","POST","2","201"
"1665951699271","POST","2","201"
"1665951699273","POST","2","201"
"1665951699275","POST","2","201"
"1665951699277","POST","2","201"
"1665951699279","POST","2","201"
"1665951699281","POST","1","201"
"1665951699282","POST","2","201"
"1665951699284","POST","2","201"
"1665951699286","POST","1","201"
"1665951699287","POST","2","201"
"1665951699289","POST","2","201"
"1665951699291","POST","2","201"
"1665951699293","POST","2","201"
"1665951699295","POST","1","201"
"1665951699296","POST","2","201"
"1665951699298","POST","2","201"
"1665951699301","POST","2","201"
"1665951699304","POST","2","201"
"1665951699307","POST","6","201"
"1665951699313","POST","3","201"
"1665951699318","POST","3","201"
"1665951699322","POST","4","201"
"1665951699326","POST","3","201"
"1665951699329","POST","2","201"
"1665951699331","POST","1","201"
"1665951699332","POST","2","201"
"1665951699334","POST","2","201"
"1665951699336","POST","2","201"
"1665951699338","POST","2","201"
"1665951699340","POST","1","201"
"1665951699341","POST","3","201"
"1665951699344","POST","1","201"
"1665951699345","POST","2","201"
"1665951699347","POST","2","201"
"1665951699349","POST","1","201"
"1665951699350","POST","2","201"
"1665951699352","POST","2","201"
"1665951699354","POST","6","201"
"1665951699360","POST","3","201"
"1665951699363","POST","2","201"
"1665951699365","POST","2","201"
"1665951699367","POST","1","201"
"1665951699368","POST","2","201"
"1665951699370","POST","2","201"
"1665951699372","POST","1","201"
"1665951699373","POST","3","201"
"1665951699376","POST","2","201"
"1665951699378","POST","2","201"
"1665951699380","POST","1","201"
"1665951699381","POST","2","201"
"1665951699383","POST","2","201"
"1665951699385","POST","2","201"
"1665951699387","POST","2","201"
"1665951699389","POST","2","201"
"1665951699391","POST","2","201"
"1665951699393","POST","5","201"
"1665951699398","POST","3","201"
"1665951699401","POST","2","201"
"1665951699403","POST","2","201"
"1665951699405","POST","1","201"
"1665951699406","POST","2","201"
"1665951699408","POST","2","201"
"1665951699410","POST","1","201"
"1665951699411","POST","2","201"
"1665951699413","POST","3","201"
"1665951699416","POST","3","201"
"1665951699419","POST","2","201"
"1665951699421","POST","2","201"
"1665951699424","POST","2","201"
"1665951699426","POST","3","201"
"1665951699429","POST","4","201"
"1665951699433","POST","2","201"
"1665951699435","POST","3","201"
"1665951699438","POST","1","201"
"1665951699439","POST","2","201"
"1665951699441","POST","2","201"
"1665951699443","POST","2","201"
"1665951699445","POST","2","201"
"1665951699447","POST","2","201"
"1665951699449","POST","2","201"
"1665951699452","POST","2","201"
"1665951699455","POST","3","201"
"1665951699458","POST","6","201"
"1665951699464","POST","7","201"
"1665951699471","POST","2","201"
"1665951699473","POST","2","201"
"1665951699475","POST","1","201"
"1665951699476","POST","2","201"
"1665951699478","POST","2","201"
"1665951699480","POST","1","201"
"1665951699481","POST","2","201"
"1665951699483","POST","2","201"
"1665951699485","POST","1","201"
"1665951699486","POST","3","201"
"1665951699489","POST","2","201"
"1665951699491","POST","2","201"
"1665951699493","POST","1","201"
"1665951699494","POST","2","201"
"1665951699496","POST","1","201"
"1665951699497","POST","2","201"
"1665951699499","POST","2","201"
"1665951699501","POST","2","201"
"1665951699503","POST","1","201"
"1665951699504","POST","2","201"
"1665951699506","POST","6","201"
"1665951699512","POST","2","201"
"1665951699514","POST","2","201"
"1665951699516","POST","2","201"
"1665951699518","POST","1","201"
"1665951699519","POST","2","201"
"1665951699521","POST","1","201"
"1665951699522","POST","2","201"
"1665951699524","POST","2","201"
"1665951699526","POST","1","201"
"1665951699527","POST","2","201"
"1665951699529","POST","2","201"
"1665951699531","POST","2","201"
"1665951699533","POST","2","201"
"1665951699535","POST","2","201"
"1665951699537","POST","2","201"
"1665951699539","POST","1","201"
"1665951699540","POST","2","201"
"1665951699542","POST","2","201"
"1665951699544","POST","2","201"
"1665951699546","POST","1","201"
"1665951699547","POST","2","201"
"1665951699549","POST","2","201"
"1665951699551","POST","3","201"
"1665951699554","POST","1","201"
"1665951699555","POST","2","201"
"1665951699557","POST","1","201"
"1665951699558","POST","2","201"
"1665951699560","POST","2","201"
"1665951699562","POST","1","201"
"1665951699563","POST","2","201"
"1665951699565","POST","2","201"
"1665951699567","POST","3","201"
"1665951699570","POST","1","201"
"1665951699571","POST","2","201"
"1665951699573","POST","4","201"
"1665951699577","POST","2","201"
"1665951699579","POST","2","201"
"1665951699581","POST","1","201"
"1665951699582","POST","2","201"
"1665951699584","POST","2","201"
"1665951699586","POST","2","201"
"1665951699588","POST","13","201"
"1665951699601","POST","3","201"
"1665951699604","POST","2","201"
"1665951699606","POST","2","201"
"1665951699608","POST","3","201"
"1665951699611","POST","2","201"
"1665951699613","POST","2","201"
"1665951699615","POST","2","201"
"1665951699617","POST","1","201"
"1665951699618","POST","2","201"
"1665951699620","POST","2","201"
"1665951699622","POST","1","201"
"1665951699623","POST","2","201"
"1665951699625","POST","1","201"
"1665951699626","POST","2","201"
"1665951699628","POST","2","201"
"1665951699630","POST","0","201"
"1665951699630","POST","2","201"
"1665951699632","POST","2","201"
"1665951699634","POST","1","201"
"1665951699635","POST","2","201"
"1665951699637","POST","2","201"
"1665951699639","POST","1","201"
"1665951699640","POST","2","201"
"1665951699642","POST","1","201"
"1665951699643","POST","2","201"
"1665951699645","POST","1","201"
"1665951699646","POST","2","201"
"1665951699648","POST","3","201"
"1665951699651","POST","3","201"
"1665951699654","POST","2","201"
"1665951699656","POST","1","201"
"1665951699657","POST","2","201"
"1665951699659","POST","2","201"
"1665951699661","POST","1","201"
"1665951699662","POST","2","201"
"1665951699664","POST","2","201"
"1665951699666","POST","2","201"
"1665951699668","POST","1","201"
"1665951699669","POST","2","201"
"1665951699671","POST","2","201"
"1665951699673","POST","1","201"
"1665951699674","POST","2","201"
"1665951699676","POST","1","201"
"1665951699677","POST","2","201"
"1665951699679","POST","2","201"
"1665951699681","POST","2","201"
"1665951699683","POST","2","201"
"1665951699685","POST","2","201"
"1665951699687","POST","2","201"
"1665951699689","POST","1","201"
"1665951699690","POST","2","201"
"1665951699692","POST","1","201"
"1665951699693","POST","2","201"
"1665951699695","POST","1","201"
"1665951699696","POST","2","201"
"1665951699698","POST","2","201"
"1665951699700","POST","1","201"
"1665951699701","POST","2","201"
"1665951699703","POST","1","201"
"1665951699704","POST","2","201"
"1665951699706","POST","1","201"
"1665951699707","POST","2","201"
"1665951699709","POST","1","201"
"1665951699710","POST","2","201"
"1665951699712","POST","2","201"
"1665951699714","POST","2","201"
"1665951699716","POST","2","201"
"1665951699718","POST","1","201"
"1665951699719","POST","2","201"
"1665951699721","POST","1","201"
"1665951699722","POST","2","201"
"1665951699724","POST","2","201"
"1665951699726","POST","1","201"
"1665951699727","POST","2","201"
"1665951699729","POST","1","201"
"1665951699730","POST","2","201"
"1665951699732","POST","2","201"
"1665951699734","POST","1","201"
"1665951699735","POST","2","201"
"1665951699737","POST","1","201"
"1665951699738","POST","2","201"
"1665951699740","POST","1","201"
"1665951699741","POST","2","201"
"1665951699743","POST","2","201"
"1665951699745","POST","1","201"
"1665951699746","POST","2","201"
"1665951699748","POST","2","201"
"1665951699750","POST","2","201"
"1665951699752","POST","1","201"
"1665951699753","POST","2","201"
"1665951699755","POST","1","201"
"1665951699756","POST","2","201"
"1665951699758","POST","1","201"
"1665951699759","POST","2","201"
"1665951699761","POST","1","201"
"1665951699762","POST","2","201"
"1665951699764","POST","1","201"
"1665951699765","POST","2","201"
"1665951699767","POST","2","201"
"1665951699769","POST","2","201"
"1665951699771","POST","2","201"
"1665951699773","POST","1","201"
"1665951699774","POST","2","201"
"1665951699776","POST","3","201"
"1665951699779","POST","4","201"
"1665951699783","POST","2","201"
"1665951699785","POST","3","201"
"1665951699788","POST","1","201"
"1665951699789","POST","2","201"
"1665951699791","POST","2","201"
"1665951699793","POST","1","201"
"1665951699794","POST","2","201"
"1665951699796","POST","1","201"
"1665951699797","POST","3","201"
"1665951699800","POST","4","201"
"1665951699804","POST","2","201"
"1665951699806","POST","2","201"
"1665951699808","POST","1","201"
"1665951699809","POST","2","201"
"1665951699811","POST","2","201"
"1665951699813","POST","1","201"
"1665951699814","POST","2","201"
"1665951699816","POST","1","201"
"1665951699817","POST","2","201"
"1665951699819","POST","2","201"
"1665951699821","POST","1","201"
"1665951699822","POST","2","201"
"1665951699824","POST","2","201"
"1665951699826","POST","3","201"
"1665951699829","POST","7","201"
"1665951699836","POST","4","201"
"1665951699840","POST","3","201"
"1665951699843","POST","1","201"
"1665951699844","POST","2","201"
"1665951699846","POST","1","201"
"1665951699847","POST","2","201"
"1665951699849","POST","2","201"
"1665951699851","POST","1","201"
"1665951699852","POST","2","201"
"1665951699854","POST","2","201"
"1665951699856","POST","2","201"
"1665951699858","POST","1","201"
"1665951699859","POST","2","201"
"1665951699861","POST","2","201"
"1665951699863","POST","1","201"
"1665951699864","POST","2","201"
"1665951699866","POST","1","201"
"1665951699867","POST","2","201"
"1665951699869","POST","1","201"
"1665951699870","POST","2","201"
"1665951699872","POST","2","201"
"1665951699874","POST","2","201"
"1665951699876","POST","3","201"
"1665951699879","POST","1","201"
"1665951699880","POST","2","201"
"1665951699882","POST","1","201"
"1665951699883","POST","2","201"
"1665951699885","POST","1","201"
"1665951699886","POST","2","201"
"1665951699888","POST","1","201"
"1665951699889","POST","2","201"
"1665951699891","POST","1","201"
"1665951699892","POST","2","201"
"1665951699894","POST","1","201"
"1665951699895","POST","2","201"
"1665951699897","POST","1","201"
"1665951699898","POST","2","201"
"1665951699900","POST","2","201"
"1665951699902","POST","1","201"
"1665951699903","POST","2","201"
"1665951699905","POST","2","201"
"1665951699907","POST","1","201"
"1665951699908","POST","2","201"
"1665951699910","POST","2","201"
"1665951699912","POST","1","201"
"1665951699913","POST","2","201"
"1665951699915","POST","1","201"
"1665951699916","POST","2","201"
"1665951699918","POST","2","201"
"1665951699920","POST","1","201"
"1665951699921","POST","2","201"
"1665951699923","POST","2","201"
"1665951699925","POST","2","201"
"1665951699927","POST","2","201"
"1665951699929","POST","2","201"
"1665951699931","POST","2","201"
"1665951699933","POST","1","201"
"1665951699934","POST","2","201"
"1665951699936","POST","1","201"
"1665951699937","POST","2","201"
"1665951699939","POST","1","201"
"1665951699940","POST","2","201"
"1665951699942","POST","2","201"
"1665951699944","POST","2","201"
"1665951699946","POST","2","201"
"1665951699948","POST","2","201"
"1665951699950","POST","2","201"
"1665951699952","POST","2","201"
"1665951699954","POST","2","201"
"1665951699956","POST","2","201"
"1665951699958","POST","2","201"
"1665951699960","POST","1","201"
"1665951699961","POST","2","201"
"1665951699963","POST","2","201"
"1665951699965","POST","1","201"
"1665951699966","POST","2","201"
"1665951699968","POST","2","201"
"1665951699970","POST","2","201"
"1665951699972","POST","1","201"
"1665951699973","POST","2","201"
"1665951699975","POST","2","201"
"1665951699977","POST","1","201"
"1665951699978","POST","2","201"
"1665951699980","POST","3","201"
"1665951699983","POST","4","201"
"1665951699987","POST","2","201"
"1665951699989","POST","4","201"
"1665951699993","POST","1","201"
"1665951699994","POST","2","201"
"1665951699996","POST","2","201"
"1665951699998","POST","1","201"
"1665951699999","POST","2","201"
"1665951700001","POST","1","201"
"1665951700002","POST","2","201"
"1665951700004","POST","1","201"
"1665951700005","POST","2","201"
"1665951700007","POST","2","201"
"1665951700009","POST","1","201"
"1665951700010","POST","2","201"
"1665951700012","POST","1","201"
"1665951700013","POST","2","201"
"1665951700015","POST","2","201"
"1665951700017","POST","2","201"
"1665951700019","POST","2","201"
"1665951700021","POST","1","201"
"1665951700022","POST","2","201"
"1665951700024","POST","1","201"
"1665951700025","POST","2","201"
"1665951700027","POST","1","201"
"1665951700029","POST","2","201"
"1665951700031","POST","2","201"
"1665951700033","POST","1","201"
"1665951700034","POST","2","201"
"1665951700036","POST","1","201"
"1665951700037","POST","2","201"
"1665951700039","POST","1","201"
"1665951700040","POST","3","201"
"1665951700044","POST","3","201"
"1665951700047","POST","1","201"
"1665951700049","POST","2","201"
"1665951700051","POST","1","201"
"1665951700052","POST","2","201"
"1665951700054","POST","1","201"
"1665951700055","POST","2","201"
"1665951700057","POST","2","201"
"1665951700059","POST","3","201"
"1665951700062","POST","5","201"
"1665951700067","POST","4","201"
"1665951700071","POST","1","201"
"1665951700072","POST","2","201"
"1665951700074","POST","2","201"
"1665951700076","POST","1","201"
"1665951700077","POST","2","201"
"1665951700079","POST","2","201"
"1665951700081","POST","1","201"
"1665951700082","POST","2","201"
"1665951700084","POST","1","201"
"1665951700085","POST","2","201"
"1665951700087","POST","1","201"
"1665951700088","POST","2","201"
"1665951700090","POST","1","201"
"1665951700091","POST","2","201"
"1665951700093","POST","1","201"
"1665951700094","POST","2","201"
"1665951700096","POST","2","201"
"1665951700098","POST","2","201"
"1665951700100","POST","2","201"
"1665951700102","POST","2","201"
"1665951700104","POST","2","201"
"1665951700106","POST","1","201"
"1665951700107","POST","2","201"
"1665951700109","POST","1","201"
"1665951700110","POST","2","201"
"1665951700112","POST","1","201"
"1665951700113","POST","2","201"
"1665951700115","POST","1","201"
"1665951700116","POST","2","201"
"1665951700118","POST","2","201"
"1665951700120","POST","1","201"
"1665951700121","POST","2","201"
"1665951700123","POST","2","201"
"1665951700125","POST","1","201"
"1665951700126","POST","2","201"
"1665951700128","POST","1","201"
"1665951700129","POST","2","201"
"1665951700131","POST","1","201"
"1665951700132","POST","2","201"
"1665951700134","POST","2","201"
"1665951700136","POST","1","201"
"1665951700137","POST","4","201"
"1665951700141","POST","2","201"
"1665951700143","POST","2","201"
"1665951700145","POST","2","201"
"1665951700147","POST","1","201"
"1665951700148","POST","5","201"
"1665951700153","POST","4","201"
"1665951700157","POST","2","201"
"1665951700159","POST","1","201"
"1665951700160","POST","2","201"
"1665951700162","POST","2","201"
"1665951700164","POST","2","201"
"1665951700166","POST","1","201"
"1665951700167","POST","2","201"
"1665951700169","POST","2","201"
"1665951700171","POST","1","201"
"1665951700172","POST","1","201"
"1665951700173","POST","2","201"
"1665951700175","POST","1","201"
"1665951700176","POST","2","201"
"1665951700178","POST","2","201"
"1665951700180","POST","2","201"
"1665951700182","POST","2","201"
"1665951700184","POST","2","201"
"1665951700186","POST","3","201"
"1665951700189","POST","3","201"
"1665951700192","POST","2","201"
"1665951700194","POST","2","201"
"1665951700196","POST","2","201"
"1665951700198","POST","2","201"
"1665951700200","POST","2","201"
"1665951700202","POST","2","201"
"1665951700204","POST","1","201"
"1665951700205","POST","2","201"
"1665951700207","POST","1","201"
"1665951700208","POST","2","201"
"1665951700210","POST","2","201"
"1665951700212","POST","1","201"
"1665951700213","POST","2","201"
"1665951700215","POST","1","201"
"1665951700216","POST","2","201"
"1665951700218","POST","1","201"
"1665951700219","POST","2","201"
"1665951700221","POST","1","201"
"1665951700222","POST","2","201"
"1665951700224","POST","1","201"
"1665951700226","POST","1","201"
"1665951700227","POST","1","201"
"1665951700228","POST","2","201"
"1665951700230","POST","2","201"
"1665951700232","POST","1","201"
"1665951700233","POST","2","201"
"1665951700235","POST","2","201"
"1665951700237","POST","1","201"
"1665951700238","POST","2","201"
"1665951700240","POST","1","201"
"1665951700241","POST","2","201"
"1665951700243","POST","1","201"
"1665951700244","POST","2","201"
"1665951700246","POST","2","201"
"1665951700248","POST","2","201"
"1665951700250","POST","2","201"
"1665951700252","POST","2","201"
"1665951700254","POST","1","201"
"1665951700255","POST","2","201"
"1665951700257","POST","1","201"
"1665951700258","POST","2","201"
"1665951700260","POST","1","201"
"1665951700261","POST","2","201"
"1665951700263","POST","1","201"
"1665951700264","POST","2","201"
"1665951700266","POST","2","201"
"1665951700268","POST","2","201"
"1665951700270","POST","2","201"
"1665951700272","POST","1","201"
"1665951700273","POST","2","201"
"1665951700275","POST","1","201"
"1665951700276","POST","2","201"
"1665951700278","POST","1","201"
"1665951700279","POST","2","201"
"1665951700281","POST","1","201"
"1665951700283","POST","1","201"
"1665951700284","POST","2","201"
"1665951700286","POST","1","201"
"1665951700287","POST","3","201"
"1665951700290","POST","11","201"
"1665951700301","POST","5","201"
"1665951700306","POST","3","201"
"1665951700309","POST","2","201"
"1665951700311","POST","2","201"
"1665951700313","POST","2","201"
"1665951700315","POST","2","201"
"1665951700317","POST","4","201"
"1665951700321","POST","2","201"
"1665951700323","POST","1","201"
"1665951700324","POST","2","201"
"1665951700326","POST","1","201"
"1665951700327","POST","2","201"
"1665951700329","POST","2","201"
"1665951700331","POST","2","201"
"1665951700333","POST","1","201"
"1665951700334","POST","2","201"
"1665951700336","POST","2","201"
"1665951700338","POST","2","201"
"1665951700340","POST","2","201"
"1665951700342","POST","3","201"
"1665951700345","POST","3","201"
"1665951700348","POST","4","201"
"1665951700352","POST","2","201"
"1665951700354","POST","3","201"
"1665951700357","POST","2","201"
"1665951700359","POST","1","201"
"1665951700360","POST","2","201"
"1665951700362","POST","1","201"
"1665951700363","POST","2","201"
"1665951700365","POST","1","201"
"1665951700366","POST","1","201"
"1665951700367","POST","2","201"
"1665951700369","POST","2","201"
"1665951700371","POST","1","201"
"1665951700372","POST","2","201"
"1665951700374","POST","1","201"
"1665951700375","POST","2","201"
"1665951700377","POST","1","201"
"1665951700378","POST","2","201"
"1665951700380","POST","1","201"
"1665951700381","POST","2","201"
"1665951700383","POST","2","201"
"1665951700385","POST","1","201"
"1665951700386","POST","2","201"
"1665951700388","POST","1","201"
"1665951700389","POST","2","201"
"1665951700391","POST","2","201"
"1665951700393","POST","1","201"
"1665951700394","POST","2","201"
"1665951700396","POST","1","201"
"1665951700397","POST","2","201"
"1665951700399","POST","2","201"
"1665951700401","POST","1","201"
"1665951700402","POST","2","201"
"1665951700404","POST","2","201"
"1665951700406","POST","1","201"
"1665951700407","POST","2","201"
"1665951700409","POST","1","201"
"1665951700410","POST","2","201"
"1665951700412","POST","1","201"
"1665951700413","POST","2","201"
"1665951700415","POST","1","201"
"1665951700416","POST","3","201"
"1665951700419","POST","2","201"
"1665951700421","POST","1","201"
"1665951700422","POST","2","201"
"1665951700424","POST","1","201"
"1665951700425","POST","2","201"
"1665951700427","POST","1","201"
"1665951700429","POST","2","201"
"1665951700431","POST","1","201"
"1665951700432","POST","2","201"
"1665951700434","POST","2","201"
"1665951700436","POST","1","201"
"1665951700437","POST","2","201"
"1665951700439","POST","2","201"
"1665951700441","POST","1","201"
"1665951700442","POST","2","201"
"1665951700444","POST","1","201"
"1665951700445","POST","2","201"
"1665951700447","POST","1","201"
"1665951700448","POST","2","201"
"1665951700450","POST","1","201"
"1665951700451","POST","2","201"
"1665951700453","POST","1","201"
"1665951700454","POST","2","201"
"1665951700456","POST","2","201"
"1665951700458","POST","1","201"
"1665951700459","POST","2","201"
"1665951700461","POST","1","201"
"1665951700462","POST","2","201"
"1665951700464","POST","1","201"
"1665951700465","POST","2","201"
"1665951700467","POST","1","201"
"1665951700468","POST","2","201"
"1665951700470","POST","1","201"
"1665951700471","POST","2","201"
"1665951700473","POST","1","201"
"1665951700474","POST","2","201"
"1665951700476","POST","1","201"
"1665951700477","POST","2","201"
"1665951700479","POST","1","201"
"1665951700480","POST","2","201"
"1665951700482","POST","1","201"
"1665951700483","POST","2","201"
"1665951700485","POST","1","201"
"1665951700486","POST","2","201"
"1665951700488","POST","1","201"
"1665951700489","POST","2","201"
"1665951700491","POST","1","201"
"1665951700492","POST","2","201"
"1665951700494","POST","1","201"
"1665951700495","POST","2","201"
"1665951700497","POST","1","201"
"1665951700498","POST","2","201"
"1665951700500","POST","1","201"
"1665951700501","POST","2","201"
"1665951700503","POST","1","201"
"1665951700504","POST","2","201"
"1665951700506","POST","2","201"
"1665951700508","POST","1","201"
"1665951700509","POST","2","201"
"1665951700511","POST","1","201"
"1665951700512","POST","2","201"
"1665951700514","POST","1","201"
"1665951700515","POST","2","201"
"1665951700517","POST","1","201"
"1665951700518","POST","11","201"
"1665951700529","POST","4","201"
"1665951700533","POST","2","201"
"1665951700535","POST","3","201"
"1665951700538","POST","2","201"
"1665951700540","POST","1","201"
"1665951700541","POST","2","201"
"1665951700543","POST","2","201"
"1665951700545","POST","1","201"
"1665951700546","POST","2","201"
"1665951700548","POST","1","201"
"1665951700549","POST","2","201"
"1665951700551","POST","1","201"
"1665951700553","POST","1","201"
"1665951700554","POST","2","201"
"1665951700556","POST","1","201"
"1665951700557","POST","2","201"
"1665951700559","POST","2","201"
"1665951700561","POST","1","201"
"1665951700562","POST","2","201"
"1665951700564","POST","1","201"
"1665951700565","POST","2","201"
"1665951700567","POST","1","201"
"1665951700568","POST","2","201"
"1665951700570","POST","1","201"
"1665951700571","POST","2","201"
"1665951700573","POST","1","201"
"1665951700574","POST","2","201"
"1665951700576","POST","1","201"
"1665951700577","POST","2","201"
"1665951700579","POST","1","201"
"1665951700580","POST","2","201"
"1665951700582","POST","1","201"
"1665951700583","POST","3","201"
"1665951700586","POST","2","201"
"1665951700588","POST","2","201"
"1665951700590","POST","1","201"
"1665951700591","POST","2","201"
"1665951700593","POST","2","201"
"1665951700595","POST","2","201"
"1665951700597","POST","1","201"
"1665951700598","POST","2","201"
"1665951700600","POST","1","201"
"1665951700601","POST","2","201"
"1665951700603","POST","2","201"
"1665951700605","POST","1","201"
"1665951700606","POST","2","201"
"1665951700608","POST","1","201"
"1665951700609","POST","2","201"
"1665951700611","POST","2","201"
"1665951700614","POST","2","201"
"1665951700616","POST","2","201"
"1665951700618","POST","2","201"
"1665951700620","POST","1","201"
"1665951700621","POST","2","201"
"1665951700623","POST","1","201"
"1665951700624","POST","2","201"
"1665951700626","POST","1","201"
"1665951700627","POST","2","201"
"1665951700629","POST","1","201"
"1665951700630","POST","2","201"
"1665951700632","POST","1","201"
"1665951700634","POST","1","201"
"1665951700635","POST","2","201"
"1665951700637","POST","1","201"
"1665951700638","POST","2","201"
"1665951700640","POST","1","201"
"1665951700641","POST","2","201"
"1665951700643","POST","1","201"
"1665951700644","POST","2","201"
"1665951700646","POST","2","201"
"1665951700648","POST","1","201"
"1665951700649","POST","2","201"
"1665951700651","POST","1","201"
"1665951700652","POST","2","201"
"1665951700654","POST","2","201"
"1665951700656","POST","2","201"
"1665951700658","POST","1","201"
"1665951700659","POST","2","201"
"1665951700661","POST","1","201"
"1665951700662","POST","2","201"
"1665951700664","POST","1","201"
"1665951700665","POST","2","201"
"1665951700667","POST","1","201"
"1665951700668","POST","2","201"
"1665951700670","POST","1","201"
"1665951700671","POST","2","201"
"1665951700673","POST","1","201"
"1665951700674","POST","2","201"
"1665951700676","POST","1","201"
"1665951700677","POST","2","201"
"1665951700679","POST","1","201"
"1665951700680","POST","2","201"
"1665951700682","POST","1","201"
